{"cameraMode":{"drawMode":0,"name":"Shaded","section":"Shading Mode"},"sceneLighting":false,"audioPlay":false,"sceneViewState":{"showFog":true,"showMaterialUpdate":false,"showSkybox":true,"showFlares":true,"showImageEffects":true,"showParticleSystems":true},"in2DMode":false,"pivot":{"x":-1.081424355506897,"y":1.9744033813476563,"z":4.908670425415039},"rotation":{"x":-0.4527197480201721,"y":0.007109452039003372,"z":0.0037654025945812465,"w":0.8916177153587341},"size":11.903159141540528,"orthographic":false}